{
  "year": 2026,
  "country": "Sri Lanka",
  "holidays": [
    {
      "date": "2026-01-03",
      "day": "Saturday",
      "name": "Duruthu Full Moon Poya Day",
      "type": ["Public", "Bank"]
    },
    {
      "date": "2026-01-15",
      "day": "Thursday",
      "name": "Tamil Thai Pongal Day",
      "type": ["Public", "Bank", "Mercantile"]
    },
    {
      "date": "2026-02-01",
      "day": "Sunday",
      "name": "Navam Full Moon Poya Day",
      "type": ["Public", "Bank"]
    },
    {
      "date": "2026-02-04",
      "day": "Wednesday",
      "name": "Independence Day",
      "type": ["Public", "Bank", "Mercantile"]
    },
    {
      "date": "2026-02-15",
      "day": "Sunday",
      "name": "Mahasivarathri Day",
      "type": ["Public", "Bank"]
    },
    {
      "date": "2026-03-02",
      "day": "Monday",
      "name": "Medin Full Moon Poya Day",
      "type": ["Public", "Bank"]
    },
    {
      "date": "2026-03-21",
      "day": "Saturday",
      "name": "Id-Ul-Fitr (Ramazan Festival Day)",
      "type": ["Public", "Bank"]
    },
    {
      "date": "2026-04-01",
      "day": "Wednesday",
      "name": "Bak Full Moon Poya Day",
      "type": ["Public", "Bank"]
    },
    {
      "date": "2026-04-03",
      "day": "Friday",
      "name": "Good Friday",
      "type": ["Public", "Bank"]
    },
    {
      "date": "2026-04-13",
      "day": "Monday",
      "name": "Day prior to Sinhala & Tamil New Year Day",
      "type": ["Public", "Bank", "Mercantile"]
    },
    {
      "date": "2026-04-14",
      "day": "Tuesday",
      "name": "Sinhala & Tamil New Year Day",
      "type": ["Public", "Bank", "Mercantile"]
    },
    {
      "date": "2026-05-01",
      "day": "Friday",
      "name": "May Day (International Workers' Day) & Vesak Full Moon Poya Day",
      "type": ["Public", "Bank", "Mercantile"]
    },
    {
      "date": "2026-05-02",
      "day": "Saturday",
      "name": "Day following Vesak Full Moon Poya Day",
      "type": ["Public", "Bank", "Mercantile"]
    },
    {
      "date": "2026-05-28",
      "day": "Thursday",
      "name": "Id-Ul-Alha (Hadji Festival Day)",
      "type": ["Public", "Bank"]
    },
    {
      "date": "2026-05-30",
      "day": "Saturday",
      "name": "Adhi Poson Full Moon Poya Day",
      "type": ["Public", "Bank"]
    },
    {
      "date": "2026-06-29",
      "day": "Monday",
      "name": "Poson Full Moon Poya Day",
      "type": ["Public", "Bank"]
    },
    {
      "date": "2026-07-29",
      "day": "Wednesday",
      "name": "Esala Full Moon Poya Day",
      "type": ["Public", "Bank"]
    },
    {
      "date": "2026-08-26",
      "day": "Wednesday",
      "name": "Milad-Un-Nabi (Holy Prophet's Birthday)",
      "type": ["Public", "Bank", "Mercantile"]
    },
    {
      "date": "2026-08-27",
      "day": "Thursday",
      "name": "Nikini Full Moon Poya Day",
      "type": ["Public", "Bank"]
    },
    {
      "date": "2026-09-26",
      "day": "Saturday",
      "name": "Binara Full Moon Poya Day",
      "type": ["Public", "Bank"]
    },
    {
      "date": "2026-10-25",
      "day": "Sunday",
      "name": "Vap Full Moon Poya Day",
      "type": ["Public", "Bank"]
    },
    {
      "date": "2026-11-08",
      "day": "Sunday",
      "name": "Deepavali Festival Day",
      "type": ["Public", "Bank"]
    },
    {
      "date": "2026-11-24",
      "day": "Tuesday",
      "name": "Il Full Moon Poya Day",
      "type": ["Public", "Bank"]
    },
    {
      "date": "2026-12-23",
      "day": "Wednesday",
      "name": "Unduvap Full Moon Poya Day",
      "type": ["Public", "Bank"]
    },
    {
      "date": "2026-12-25",
      "day": "Friday",
      "name": "Christmas Day",
      "type": ["Public", "Bank", "Mercantile"]
    }
  ]
}